scheduler,assignments,acceptance_rate,mean_wait_hours,p95_wait_hours
bandit,152,0.7894736842105263,0.23256445160696276,0.9097133967448398
risk_only,19,0.7368421052631579,0.27668649686806684,0.7725605259347817
risk_over_et_aging,76,0.7105263157894737,0.1848211552246183,0.7822273044294115
