{
  "bandit": {
    "overall": {
      "items": 1259,
      "gini": 0.33316615678716865,
      "starvation_rate": 0.8824463860206513,
      "median_wait_hours": 103.4167,
      "p95_wait_hours": 195.26666999999998
    },
    "high_risk": {
      "items": 183,
      "gini": 0.33897056299957184,
      "starvation_rate": 0.1912568306010929,
      "median_wait_hours": 14.75,
      "p95_wait_hours": 28.233330000000002
    }
  },
  "fifo": {
    "overall": {
      "items": 1259,
      "gini": 0.33336878394965797,
      "starvation_rate": 0.8832406671961874,
      "median_wait_hours": 102.9167,
      "p95_wait_hours": 195.51666999999998
    },
    "high_risk": {
      "items": 183,
      "gini": 0.2817460342818603,
      "starvation_rate": 0.9344262295081968,
      "median_wait_hours": 130.3333,
      "p95_wait_hours": 195.91667
    }
  }
}