corpus,mean_acceptance,std_acceptance,samples
supported_rules,0.9993333333333334,0.0011547005383792527,3
manifest_slice_rules,0.9951333333333334,0.00035118845842844386,3
