corpus,accepted,total,acceptance_rate,ci_lower,ci_upper
supported_rules,1264,1264,1.0,0.9969699684881771,1.0000000000000002
manifest_slice_rules,13589,13656,0.9950937316930287,0.9937744854546379,0.9961345044124188
manifest_slice_llm,1313,1313,1.0,0.997082716706398,0.9999999999999998
grok5k_llm,4439,5000,0.8878,0.8787522382417484,0.8962523102635441
